,Etat site0,Etat site1,Etat site2,Etat site3,Etat site4,Etat site5,Etat site6,Etat site7,Etat site8,Etat site9,Etat site10,Etat site11,Etat site12,Etat site13,Etat site14,Etat site15,Etat site16,Etat site17,Etat site18,Etat site19,Etat site20,Etat site21,Etat site22,Etat site23,Etat site24,Etat site25,Etat site26,Etat site27,Etat site28,Etat site29,Etat site30,Etat site31,Etat site32,Etat site33,Etat site34,Etat site35,Etat site36,Etat site37,Etat site38,Etat site39,Etat site40,Etat site41,Etat site42,Etat site43,Etat site44,Etat site45,Etat site46,Etat site47,Etat site48,Etat site49,Etat site50,Etat site51,Etat site52,Etat site53,Etat site54,Etat site55,Etat site56,Etat site57,Etat site58,Etat site59,Etat site60,Etat site61,Etat site62,Etat site63,Etat site64,Etat site65,Etat site66,Etat site67,Etat site68,Etat site69,Etat site70,Etat site71,Etat site72,Etat site73,Etat site74,Etat site75,Etat site76,Etat site77,Etat site78,Etat site79,Etat site80,Etat site81,Etat site82,Etat site83,Etat site84,Etat site85,Etat site86,Etat site87,Etat site88,Etat site89,Etat site90,Etat site91,Etat site92,Etat site93,Etat site94,Etat site95,Etat site96,Etat site97,Etat site98,Etat site99
t0,DFE,DFE,DFE,DFE,DFE,DFE,DFE,DFE,DFE,DFE,DFE,DFE,DFE,DFE,DFE,DFE,DFE,DFE,DFE,DFE,DFE,DFE,DFE,DFE,DFE,DFE,DFE,DFE,DFE,DFE,DFE,DFE,DFE,DFE,DFE,DFE,DFE,DFE,DFE,DFE,DFE,DFE,DFE,DFE,DFE,DFE,DFE,DFE,DFE,DFE,DFE,DFE,DFE,DFE,DFE,DFE,DFE,DFE,DFE,DFE,DFE,DFE,DFE,DFE,DFE,DFE,DFE,DFE,DFE,DFE,DFE,DFE,DFE,DFE,DFE,DFE,DFE,DFE,DFE,DFE,DFE,DFE,DFE,DFE,DFE,DFE,DFE,DFE,DFE,DFE,DFE,DFE,DFE,DFE,DFE,DFE,DFE,DFE,DFE,END
t1,DFE,DFE,DFE,DFE,DFE,DFE,DFE,DFE,DFE,DFE,DFE,DFE,DFE,DFE,DFE,DFE,DFE,DFE,DFE,DFE,DFE,DFE,DFE,DFE,DFE,DFE,DFE,DFE,DFE,DFE,DFE,DFE,DFE,DFE,DFE,DFE,DFE,DFE,DFE,DFE,DFE,DFE,DFE,DFE,DFE,DFE,DFE,DFE,DFE,DFE,DFE,DFE,DFE,DFE,DFE,DFE,DFE,DFE,DFE,DFE,DFE,DFE,DFE,DFE,DFE,DFE,DFE,DFE,DFE,DFE,DFE,DFE,DFE,DFE,DFE,DFE,DFE,DFE,DFE,DFE,DFE,DFE,DFE,DFE,DFE,DFE,DFE,DFE,DFE,DFE,DFE,DFE,DFE,DFE,DFE,DFE,DFE,DFE,DFE,END
t2,END,END,END,END,VIDE,VIDE,END,END,VIDE,END,END,VIDE,END,END,END,END,END,END,VIDE,END,END,END,END,END,END,END,END,END,END,END,END,END,VIDE,END,END,END,VIDE,END,END,END,END,END,END,VIDE,END,END,END,END,END,END,END,END,END,END,END,END,END,END,END,END,END,END,END,END,END,END,END,VIDE,END,VIDE,END,END,END,VIDE,END,END,END,END,END,END,END,END,END,END,END,END,END,END,END,END,END,END,END,END,VIDE,END,VIDE,VIDE,END,END
t3,END,END,END,END,END,END,END,END,END,END,END,END,END,END,END,END,END,END,END,END,END,END,VIDE,END,END,END,END,END,END,END,END,END,END,END,END,END,END,END,END,END,END,VIDE,VIDE,END,END,END,END,END,END,END,VIDE,END,END,END,END,END,END,END,END,END,VIDE,END,END,END,END,END,END,VIDE,VIDE,END,END,END,END,END,END,END,END,END,END,END,VIDE,END,END,END,END,END,END,END,END,END,END,END,END,END,END,END,END,END,END,VIDE
t4,END,END,END,END,END,END,VIDE,END,END,END,END,VIDE,END,END,END,END,END,END,END,VIDE,END,END,VIDE,END,END,END,END,END,END,END,END,VIDE,END,END,END,END,END,END,END,END,END,END,END,END,VIDE,END,END,END,END,END,END,END,VIDE,END,END,END,END,END,END,END,END,END,END,END,VIDE,END,END,END,END,VIDE,END,END,END,END,END,END,END,END,END,END,END,END,END,END,END,END,END,END,END,END,END,VIDE,VIDE,END,VIDE,END,END,END,END,VIDE
t5,VIDE,END,END,END,END,END,END,END,END,END,END,END,END,END,END,END,END,END,END,END,END,END,END,END,END,END,END,END,END,END,END,END,END,END,END,END,END,END,END,VIDE,END,END,END,END,END,END,END,END,END,END,END,END,END,VIDE,END,VIDE,END,END,END,END,END,VIDE,END,END,END,END,END,END,END,END,VIDE,END,END,END,END,END,END,END,END,END,END,END,END,END,END,END,END,END,VIDE,VIDE,END,END,END,END,END,END,END,END,END,END
t6,END,END,END,END,END,END,END,END,END,END,END,END,END,END,VIDE,END,END,END,END,END,END,END,END,END,END,END,END,VIDE,END,END,END,END,END,END,END,END,END,END,END,END,END,END,END,END,END,END,END,END,END,END,END,END,END,END,END,END,END,END,END,END,END,END,END,END,VIDE,END,END,END,END,END,END,END,END,END,END,END,VIDE,END,END,END,END,END,END,END,END,END,VIDE,END,END,END,END,END,END,END,END,END,END,END,END,END
t7,END,END,END,VIDE,END,END,END,END,VIDE,END,END,END,END,END,END,END,END,END,END,END,END,END,END,END,END,END,VIDE,END,END,END,VIDE,END,END,END,END,END,END,END,END,END,END,VIDE,VIDE,END,END,END,END,END,END,END,END,END,END,VIDE,END,VIDE,END,END,END,END,END,END,END,END,VIDE,END,VIDE,END,END,VIDE,END,END,VIDE,END,END,END,END,END,END,END,END,END,END,END,END,END,END,END,END,END,END,END,END,END,END,END,END,END,END,END
t8,END,END,END,END,END,END,END,END,END,END,END,END,END,END,END,END,END,END,END,END,END,END,END,END,END,END,END,END,END,END,END,END,END,END,VIDE,END,END,END,END,END,VIDE,END,END,END,END,VIDE,END,END,END,END,END,END,END,END,VIDE,END,END,END,END,END,END,VIDE,END,END,END,END,END,VIDE,END,END,VIDE,END,END,END,END,END,END,END,END,END,VIDE,END,END,END,END,END,VIDE,END,END,END,END,END,VIDE,END,END,END,END,END,END,VIDE
t9,VIDE,END,END,END,END,END,END,END,END,END,END,END,END,END,END,END,END,END,END,END,END,END,END,END,END,END,END,END,END,END,END,END,VIDE,END,END,END,END,END,END,END,END,END,END,END,END,END,END,END,END,VIDE,END,END,END,END,END,END,END,END,END,END,END,END,END,END,END,END,END,END,END,END,VIDE,END,END,VIDE,END,END,END,VIDE,END,END,END,END,END,VIDE,END,END,END,VIDE,END,END,END,END,END,END,END,END,VIDE,END,VIDE,END
t10,END,END,END,END,END,END,END,END,END,END,VIDE,END,VIDE,END,END,END,END,END,VIDE,END,END,END,END,END,END,END,END,END,END,END,END,END,END,END,END,END,END,END,END,END,END,END,END,END,END,END,END,END,END,END,END,END,END,VIDE,END,VIDE,END,END,END,VIDE,END,END,END,VIDE,END,END,END,END,END,END,END,END,END,END,END,END,END,END,END,END,END,END,END,END,END,END,END,VIDE,END,END,END,END,END,END,END,VIDE,VIDE,END,END,END
t11,END,END,END,END,END,END,END,END,END,END,VIDE,END,END,END,END,VIDE,END,END,END,END,END,END,END,END,END,END,END,END,END,END,END,END,END,END,END,END,END,END,END,END,END,VIDE,END,END,END,END,VIDE,END,END,END,END,END,END,END,END,END,END,END,VIDE,END,END,END,END,END,END,END,END,END,END,END,END,END,END,END,END,END,VIDE,END,END,END,END,VIDE,END,END,END,END,END,END,END,END,END,END,END,END,END,END,END,END,END,END
t12,END,END,END,END,END,END,END,VIDE,END,END,END,END,END,END,END,END,END,END,END,END,END,END,END,VIDE,END,END,END,END,END,END,VIDE,END,END,END,END,END,END,END,END,VIDE,VIDE,END,END,END,VIDE,END,END,END,END,END,END,END,END,END,END,END,END,END,VIDE,END,END,END,END,END,VIDE,END,END,END,END,END,END,END,END,END,END,END,END,END,END,END,END,END,VIDE,END,END,END,END,END,END,END,END,END,END,END,END,END,END,END,END,END
t13,END,END,END,END,END,END,END,VIDE,END,END,END,END,END,END,END,END,END,END,END,END,END,END,END,END,VIDE,END,END,END,END,END,VIDE,END,END,END,VIDE,END,END,END,END,END,END,END,END,END,END,END,END,VIDE,END,VIDE,END,END,END,END,END,END,VIDE,END,END,END,END,END,END,END,END,END,END,END,END,END,END,VIDE,END,VIDE,END,END,END,END,END,END,END,END,END,VIDE,END,VIDE,VIDE,END,END,END,VIDE,VIDE,END,END,END,END,END,END,END,END
t14,END,END,END,END,END,END,END,END,END,END,END,END,END,END,END,END,END,END,END,END,END,END,END,VIDE,VIDE,VIDE,VIDE,END,END,END,END,END,END,END,END,END,VIDE,END,END,END,END,END,END,END,END,END,END,END,END,END,END,VIDE,END,END,END,END,END,VIDE,END,END,END,END,END,END,VIDE,VIDE,VIDE,END,END,END,END,END,END,END,END,END,END,END,END,END,VIDE,END,END,END,END,VIDE,END,END,END,END,END,END,END,VIDE,END,END,END,END,END,END
t15,VIDE,VIDE,END,END,END,END,END,END,VIDE,END,END,END,END,END,END,END,END,END,END,VIDE,END,END,END,VIDE,VIDE,END,END,END,END,VIDE,VIDE,END,END,END,END,END,END,END,END,END,END,END,END,END,VIDE,END,END,END,END,END,END,END,END,END,END,VIDE,END,END,END,VIDE,END,END,END,VIDE,END,END,VIDE,END,END,END,END,END,END,END,VIDE,END,VIDE,END,END,END,END,END,END,END,VIDE,END,END,END,END,END,END,END,VIDE,END,END,END,END,END,END,END
t16,END,END,END,END,END,END,END,END,END,END,END,END,END,END,END,END,END,END,END,END,END,END,END,END,END,END,END,END,END,END,END,END,END,END,END,END,END,END,END,END,END,VIDE,END,END,END,END,END,END,END,END,END,END,END,END,END,END,END,END,END,END,END,END,VIDE,END,END,END,END,END,END,END,END,END,END,END,END,END,END,END,END,VIDE,END,VIDE,END,END,END,END,END,END,END,END,END,END,END,END,END,END,END,END,END,VIDE
t17,END,END,END,END,END,END,END,END,END,END,END,END,END,END,VIDE,END,END,END,END,VIDE,END,END,END,VIDE,END,END,END,END,END,END,VIDE,END,END,END,END,VIDE,END,END,END,END,END,END,VIDE,END,END,END,END,END,END,END,END,END,VIDE,END,END,END,END,END,END,END,END,END,VIDE,END,END,END,END,END,END,END,END,END,END,END,END,END,VIDE,END,END,END,END,END,END,VIDE,END,END,END,VIDE,END,END,END,END,END,END,END,END,VIDE,VIDE,END,END
t18,END,END,END,END,END,END,END,END,END,END,END,END,END,END,END,END,END,END,END,END,END,END,END,END,END,VIDE,END,END,END,END,END,END,VIDE,END,END,END,END,END,END,END,END,END,VIDE,END,END,VIDE,END,VIDE,END,END,END,VIDE,END,END,END,VIDE,END,END,END,END,END,END,END,VIDE,END,VIDE,END,VIDE,END,END,VIDE,END,VIDE,END,END,END,VIDE,END,END,END,END,END,END,END,END,END,END,VIDE,END,END,VIDE,VIDE,END,END,END,END,END,END,END,END
t19,END,VIDE,END,END,END,END,END,VIDE,END,END,END,END,VIDE,END,END,END,END,END,END,END,END,END,END,END,END,END,END,END,END,VIDE,END,END,END,VIDE,VIDE,END,END,END,END,END,END,END,END,END,VIDE,END,VIDE,END,END,END,VIDE,END,END,END,VIDE,END,END,END,END,END,END,END,END,END,END,END,END,END,VIDE,END,END,VIDE,END,END,END,END,END,END,END,END,END,END,END,END,END,END,END,END,END,END,END,END,END,END,END,END,END,END,END,END
t20,END,END,END,END,END,END,END,VIDE,END,END,END,END,END,VIDE,END,END,END,VIDE,END,END,VIDE,END,END,END,VIDE,END,END,END,END,END,VIDE,END,END,END,END,END,END,END,END,VIDE,END,END,END,END,END,END,END,END,END,END,END,END,END,END,VIDE,END,END,END,END,VIDE,END,VIDE,END,END,END,END,END,END,END,END,END,END,END,VIDE,END,END,END,END,END,END,END,VIDE,END,END,END,END,END,END,END,END,END,END,END,END,END,END,END,END,END,END
t21,VIDE,END,END,END,END,END,VIDE,END,END,END,END,END,END,END,END,END,END,END,END,END,END,END,END,END,END,END,END,END,END,VIDE,END,END,END,END,END,END,END,END,VIDE,END,VIDE,END,END,END,END,END,END,END,END,END,END,END,END,END,VIDE,END,END,END,END,VIDE,END,END,END,END,END,END,END,END,END,END,END,END,END,END,END,END,END,END,END,END,END,END,VIDE,END,END,END,END,END,END,VIDE,END,END,END,END,END,VIDE,END,END,END,END
t22,VIDE,END,END,END,END,END,END,END,END,END,END,END,END,VIDE,END,END,END,END,VIDE,VIDE,END,END,END,VIDE,END,END,END,END,END,END,END,END,END,END,END,END,END,END,END,END,END,END,END,END,END,END,END,END,END,END,END,END,VIDE,END,END,END,END,END,END,END,END,END,END,END,VIDE,END,END,END,END,END,END,END,END,END,VIDE,END,END,END,END,END,END,END,END,END,END,END,END,END,END,END,END,END,END,END,END,END,END,END,END,END
t23,END,END,END,END,END,END,END,END,END,END,END,END,END,END,END,END,END,END,END,END,END,END,END,END,END,END,END,END,END,END,END,END,END,END,END,END,END,END,END,END,END,END,END,END,END,END,END,END,END,END,END,END,END,END,END,VIDE,VIDE,END,END,END,END,END,END,END,END,END,END,END,END,END,END,END,END,VIDE,VIDE,END,END,END,END,END,END,END,END,VIDE,END,END,END,END,END,END,END,END,END,VIDE,END,END,END,END,END,END
t24,VIDE,END,END,END,END,END,END,END,VIDE,END,END,END,END,END,END,END,END,END,END,END,END,END,END,END,END,END,END,END,END,END,END,END,VIDE,END,END,VIDE,END,END,END,VIDE,END,END,END,END,END,END,END,END,END,END,END,END,END,VIDE,END,END,END,END,END,END,END,END,VIDE,END,END,END,END,END,END,END,VIDE,END,VIDE,END,END,END,END,END,END,END,END,END,END,END,VIDE,END,END,END,END,END,VIDE,END,END,END,END,END,END,END,END,VIDE
t25,END,END,END,END,END,END,END,END,END,END,END,END,END,END,END,VIDE,END,VIDE,END,END,END,END,END,END,VIDE,END,END,END,END,END,END,END,END,END,END,VIDE,VIDE,END,END,END,END,END,END,END,END,END,END,VIDE,END,END,END,VIDE,END,END,END,END,END,END,END,END,END,END,END,END,END,END,END,END,END,END,END,END,END,END,END,END,VIDE,END,END,END,END,END,END,END,END,END,END,END,END,END,VIDE,END,END,END,END,END,END,END,END,VIDE
t26,END,END,END,VIDE,END,END,END,END,END,END,END,END,END,END,END,END,END,VIDE,END,END,VIDE,END,END,END,END,END,END,END,END,VIDE,END,END,END,END,END,END,END,END,END,END,VIDE,END,END,VIDE,END,VIDE,VIDE,END,END,END,END,END,END,END,END,END,END,END,END,END,END,END,END,END,END,END,END,VIDE,END,VIDE,END,END,END,END,END,END,END,END,END,END,VIDE,END,END,END,END,END,END,END,VIDE,END,END,END,END,END,END,END,END,END,VIDE,END
t27,VIDE,END,END,VIDE,END,VIDE,END,END,VIDE,END,END,END,VIDE,END,END,END,END,END,END,END,END,END,END,END,END,END,END,END,END,VIDE,END,END,END,END,VIDE,END,END,END,END,END,END,VIDE,VIDE,END,END,END,END,END,END,END,END,END,END,END,END,END,END,END,END,END,END,VIDE,END,END,END,END,END,END,END,END,END,END,VIDE,END,END,END,END,END,END,END,END,END,END,END,END,END,END,END,END,END,END,END,END,END,VIDE,END,END,END,END,END
t28,END,END,END,END,END,END,END,END,END,END,END,END,END,END,END,END,END,END,END,END,VIDE,END,END,END,END,END,END,END,END,END,END,END,END,END,END,END,END,END,END,END,END,END,END,END,VIDE,VIDE,END,END,END,END,END,END,END,VIDE,END,END,VIDE,END,END,END,END,END,END,END,VIDE,END,END,END,END,END,END,END,END,END,END,END,END,END,END,END,END,END,END,END,END,END,END,END,END,END,END,END,END,END,END,END,END,VIDE,END,END
t29,END,END,END,END,END,END,END,END,END,END,END,END,END,END,END,END,VIDE,END,END,END,END,VIDE,END,END,VIDE,END,END,VIDE,END,END,END,END,END,END,END,END,END,END,VIDE,END,END,END,END,END,END,END,END,END,END,END,END,END,END,END,END,END,END,END,END,END,VIDE,END,END,END,END,END,END,END,VIDE,END,END,END,END,END,END,END,END,END,END,END,END,END,END,VIDE,END,END,END,END,END,END,END,END,END,END,END,END,END,END,END,END
t30,END,END,END,END,END,END,END,END,END,END,VIDE,END,VIDE,END,END,END,END,END,END,END,END,VIDE,END,END,END,END,END,END,END,END,END,END,VIDE,END,END,END,END,END,END,END,END,END,END,VIDE,END,END,END,END,END,END,END,END,END,END,END,END,END,END,END,END,END,END,END,END,END,END,END,END,END,END,VIDE,VIDE,END,END,END,END,END,END,END,END,END,END,END,END,END,END,VIDE,END,END,END,END,END,END,END,END,END,END,END,END,END
t31,END,END,END,END,END,VIDE,END,END,END,END,VIDE,END,END,END,END,END,VIDE,END,END,VIDE,END,END,END,END,END,END,END,END,END,END,END,END,END,END,END,END,END,END,END,VIDE,END,END,END,END,END,END,END,END,END,END,END,END,END,END,END,END,VIDE,END,END,END,END,END,END,END,END,END,END,END,END,END,END,VIDE,END,END,END,END,END,END,END,VIDE,END,END,END,END,END,END,END,END,END,END,END,VIDE,END,END,END,END,END,END,END,END
t32,END,END,END,END,END,END,END,END,END,END,END,END,END,END,END,END,END,END,END,END,END,END,VIDE,END,END,END,END,END,END,END,END,END,END,END,END,END,END,END,END,END,END,END,END,END,END,END,END,END,END,VIDE,END,END,END,END,END,END,END,END,END,END,VIDE,END,END,END,END,END,END,END,END,END,END,END,END,END,END,VIDE,VIDE,END,END,END,END,END,END,END,END,END,VIDE,END,END,END,END,END,END,END,END,END,END,END,END,END
t33,END,END,END,END,END,END,END,END,END,END,END,END,END,END,VIDE,END,VIDE,END,END,END,END,END,END,END,END,END,END,END,END,END,END,END,END,END,END,END,END,END,END,END,END,END,VIDE,END,END,END,END,END,END,END,END,END,END,END,END,VIDE,END,END,END,END,END,END,END,END,END,END,END,END,END,VIDE,END,END,END,END,END,END,END,END,END,END,END,END,VIDE,END,END,END,END,END,END,END,END,END,END,END,END,END,VIDE,END,END,END
t34,END,END,END,END,END,END,END,END,END,END,END,END,END,END,END,END,END,END,END,END,END,END,END,END,END,END,END,END,END,END,END,END,END,END,VIDE,END,VIDE,END,END,END,END,END,END,END,END,END,END,END,END,VIDE,END,END,END,END,END,END,END,END,END,END,END,END,END,END,END,END,VIDE,END,END,END,END,END,END,END,END,END,END,END,END,END,END,END,END,END,END,END,END,END,END,END,END,END,END,END,END,END,END,END,END,VIDE
t35,END,END,END,END,END,END,VIDE,END,VIDE,END,END,VIDE,END,END,END,END,END,END,END,END,END,END,END,END,END,END,END,END,END,END,END,END,END,END,END,VIDE,END,END,END,END,END,END,END,END,END,END,END,END,END,END,END,END,VIDE,END,END,END,END,END,END,VIDE,END,END,END,END,END,END,END,END,END,END,END,VIDE,END,END,END,END,END,END,END,END,END,END,END,END,END,END,END,END,END,VIDE,END,END,END,END,END,END,END,END,END,END
t36,VIDE,VIDE,END,VIDE,END,END,END,END,END,END,END,END,END,END,END,END,END,END,END,END,END,END,END,END,END,END,END,END,VIDE,VIDE,END,END,END,END,END,END,END,END,END,END,END,VIDE,END,VIDE,END,VIDE,END,END,END,END,END,END,END,END,END,END,END,END,END,END,END,END,END,END,END,END,END,VIDE,END,END,END,END,END,END,END,END,END,END,END,END,END,END,END,END,END,END,END,END,END,END,END,END,END,END,END,END,END,END,END,END
t37,END,END,END,END,END,END,END,END,END,END,END,END,VIDE,END,END,END,VIDE,END,END,END,END,END,END,END,END,END,END,END,END,END,END,END,VIDE,END,END,END,END,END,VIDE,END,END,END,END,END,END,END,END,END,END,END,END,END,END,VIDE,END,END,END,END,END,END,END,END,VIDE,END,END,END,VIDE,VIDE,END,END,END,END,END,END,END,END,END,END,END,END,END,END,END,END,END,END,END,END,END,END,VIDE,END,END,END,VIDE,END,END,END,END,END
t38,END,END,END,VIDE,END,END,END,END,END,END,END,END,END,END,END,END,END,END,END,VIDE,END,END,VIDE,END,END,END,END,END,END,END,END,END,END,END,END,END,END,END,END,VIDE,END,VIDE,END,END,END,END,VIDE,END,END,END,VIDE,END,END,END,END,VIDE,END,END,END,END,END,END,END,END,END,END,END,END,END,END,END,VIDE,END,END,END,VIDE,END,VIDE,END,END,END,END,END,END,END,END,END,END,END,END,END,END,END,END,END,END,END,END,END,VIDE
t39,END,END,END,END,VIDE,END,END,END,END,END,END,END,END,END,VIDE,END,END,END,END,END,END,END,END,END,VIDE,END,END,END,END,VIDE,END,END,END,END,END,END,END,END,END,END,END,END,END,END,END,END,END,END,END,END,END,END,END,END,END,END,END,END,END,END,END,END,END,END,END,END,END,END,END,END,VIDE,END,END,END,END,END,VIDE,END,END,END,END,END,END,VIDE,VIDE,END,END,END,END,END,END,END,END,END,END,END,END,END,END,END
t40,END,END,VIDE,END,VIDE,END,END,END,END,END,VIDE,END,VIDE,END,VIDE,END,VIDE,END,END,END,END,END,END,END,END,END,END,END,END,END,END,END,END,END,VIDE,END,END,END,END,VIDE,END,VIDE,END,END,VIDE,END,END,END,END,END,END,END,END,END,END,END,END,END,END,END,VIDE,END,END,END,END,END,END,END,END,END,END,END,END,END,END,END,END,END,VIDE,END,END,END,END,END,END,END,END,END,END,END,END,END,END,END,END,END,END,VIDE,END,END
t41,END,END,END,END,END,END,END,END,VIDE,END,END,END,END,END,END,END,END,END,VIDE,END,END,END,END,END,END,END,END,VIDE,END,END,END,END,END,END,VIDE,END,END,END,END,END,END,END,END,VIDE,END,END,END,END,END,END,END,VIDE,END,END,END,END,END,END,END,END,END,END,END,END,END,END,VIDE,END,END,END,END,END,END,END,END,VIDE,END,END,END,VIDE,END,END,END,END,END,END,END,END,END,END,END,END,END,END,VIDE,END,END,END,END,END
t42,END,VIDE,END,VIDE,END,END,END,END,END,END,END,END,VIDE,VIDE,END,VIDE,END,VIDE,END,END,END,END,END,END,END,VIDE,END,END,END,END,END,END,END,END,END,END,END,END,VIDE,END,END,END,END,END,END,END,END,END,END,END,END,END,END,END,END,END,END,END,END,END,END,END,END,END,END,END,END,END,END,END,END,END,END,END,END,END,END,END,END,END,END,END,END,END,VIDE,END,END,END,END,END,END,END,END,END,END,END,END,END,END,END
t43,END,END,END,END,END,END,END,END,VIDE,END,END,END,VIDE,END,END,END,END,END,END,END,END,VIDE,END,END,END,END,END,END,END,END,END,END,END,END,END,END,VIDE,END,END,END,END,END,VIDE,END,END,END,END,END,END,END,END,END,END,END,END,END,END,END,END,END,END,END,END,END,END,END,END,VIDE,END,VIDE,END,END,END,END,END,END,END,END,END,END,END,END,END,END,END,END,END,VIDE,END,END,END,END,END,END,END,END,END,VIDE,END,END
t44,END,VIDE,END,END,END,END,END,END,END,END,END,END,END,END,END,END,VIDE,END,END,END,END,END,END,END,END,END,END,END,END,END,END,VIDE,END,END,END,END,END,END,END,END,END,END,END,END,END,END,END,END,END,END,END,END,END,END,END,END,END,END,END,END,END,END,END,END,END,END,END,END,END,END,END,END,END,END,END,END,END,END,END,END,VIDE,END,VIDE,END,END,END,END,END,END,VIDE,END,END,END,VIDE,END,END,END,END,END,END
t45,END,VIDE,END,END,END,VIDE,VIDE,END,END,END,END,END,END,END,VIDE,END,END,END,END,END,VIDE,VIDE,END,END,END,END,END,END,END,END,END,END,END,END,VIDE,END,END,END,END,END,END,END,END,END,END,END,END,END,END,END,VIDE,END,END,END,END,END,END,END,END,END,END,END,END,END,END,END,END,END,END,END,VIDE,END,END,END,END,END,END,VIDE,END,VIDE,END,END,END,END,VIDE,END,END,VIDE,END,VIDE,END,END,END,END,END,END,END,END,END,END
t46,END,END,VIDE,END,END,VIDE,END,END,END,END,END,END,END,END,END,END,END,END,VIDE,END,END,END,END,END,END,END,END,END,END,END,END,END,END,END,END,END,END,END,END,END,END,END,END,END,END,END,END,END,END,END,END,END,END,END,END,END,END,END,END,END,END,END,END,END,END,END,END,END,END,VIDE,END,END,END,END,VIDE,END,END,END,END,END,END,END,END,END,END,END,END,VIDE,END,END,END,END,END,END,END,END,END,END,END,END
t47,END,VIDE,END,END,END,END,END,END,END,END,END,END,END,END,END,END,END,END,END,END,END,END,END,END,END,END,END,END,END,END,VIDE,VIDE,END,VIDE,END,END,END,END,END,VIDE,END,END,END,VIDE,END,END,END,END,END,END,END,END,END,END,END,END,END,END,END,END,END,VIDE,END,END,VIDE,END,END,END,END,END,END,END,END,END,END,END,VIDE,END,END,END,END,END,END,VIDE,END,END,END,VIDE,VIDE,END,END,END,VIDE,END,END,END,END,END,END,END
t48,END,END,END,END,END,END,END,END,END,VIDE,END,END,END,END,VIDE,END,END,END,VIDE,END,END,VIDE,END,END,END,END,END,END,END,END,END,END,END,END,END,END,END,END,END,END,END,END,END,END,END,END,END,END,VIDE,VIDE,END,END,END,END,END,END,END,END,END,END,END,END,END,END,END,END,END,END,END,END,END,END,END,END,END,END,END,END,END,END,END,END,END,END,END,END,END,END,END,VIDE,END,END,END,END,VIDE,END,END,END,END,END
t49,END,END,END,END,END,END,END,END,END,END,END,END,END,END,END,END,END,END,END,END,END,END,END,END,END,VIDE,END,VIDE,END,END,END,END,END,END,END,END,VIDE,END,END,END,VIDE,END,END,END,END,END,VIDE,VIDE,END,END,END,END,END,END,END,END,END,END,END,END,END,END,END,END,END,END,END,END,END,END,END,END,VIDE,END,END,END,VIDE,END,END,END,END,END,END,VIDE,END,END,END,VIDE,END,VIDE,END,END,END,END,END,END,END,END,END,END
t50,END,VIDE,END,END,END,END,END,END,END,END,END,END,END,END,END,END,END,END,END,END,END,VIDE,END,END,END,END,END,END,END,END,END,END,END,END,END,END,END,END,END,END,END,END,END,END,END,END,VIDE,END,END,VIDE,END,END,END,END,END,END,END,END,VIDE,END,VIDE,END,END,END,END,END,END,END,END,END,END,END,END,END,END,END,END,END,END,END,END,END,END,END,VIDE,END,END,END,END,END,END,END,END,VIDE,END,VIDE,END,END,END,END
t51,END,END,END,END,END,END,END,END,END,END,END,END,END,END,END,END,END,END,END,END,END,END,END,END,END,END,END,END,END,END,END,END,END,END,END,VIDE,END,END,END,END,END,END,END,END,END,END,END,END,END,END,END,END,END,END,END,END,END,END,END,END,END,END,END,VIDE,END,END,END,END,END,END,END,END,END,END,END,END,END,VIDE,END,END,END,VIDE,END,END,END,END,END,END,END,END,END,END,END,END,END,END,END,END,END,END
t52,END,END,END,END,END,END,END,END,VIDE,END,END,VIDE,END,VIDE,END,END,END,END,VIDE,END,END,END,END,END,END,END,END,END,END,END,VIDE,END,END,END,END,END,END,END,END,END,END,END,VIDE,VIDE,END,END,END,END,VIDE,END,END,END,END,END,END,END,END,END,VIDE,END,END,END,END,END,END,END,END,END,END,END,END,END,END,END,END,END,END,END,END,END,END,END,END,END,END,END,END,VIDE,END,END,VIDE,END,END,END,END,END,END,END,END,END
t53,END,VIDE,END,END,END,END,END,END,END,END,VIDE,VIDE,END,END,VIDE,END,END,END,END,END,END,END,END,END,END,END,VIDE,END,END,END,END,END,END,END,END,END,END,END,END,END,END,VIDE,END,END,END,END,END,END,VIDE,END,END,END,END,END,VIDE,END,VIDE,END,END,END,END,VIDE,END,END,END,END,END,END,END,END,END,END,END,END,END,END,VIDE,END,END,END,END,END,END,END,END,VIDE,END,END,END,END,END,END,END,END,END,END,END,END,END,END
t54,END,END,END,END,END,END,END,END,END,VIDE,END,END,END,END,END,END,END,END,END,END,END,END,END,END,END,VIDE,END,END,END,END,END,END,END,END,END,END,END,END,END,END,END,END,END,END,END,END,END,END,VIDE,END,END,END,END,VIDE,END,END,END,END,END,END,END,END,END,END,END,END,END,END,END,END,END,END,END,END,END,END,END,END,END,END,END,END,END,END,VIDE,END,END,END,END,VIDE,END,END,END,END,END,END,END,END,END,END
t55,END,END,END,END,END,END,END,END,END,END,END,END,END,END,END,END,END,END,VIDE,END,END,END,END,END,END,END,END,END,END,END,END,END,END,END,END,END,END,VIDE,VIDE,END,END,END,VIDE,END,END,END,END,END,END,END,END,END,END,END,END,END,END,END,END,END,END,END,END,END,END,END,VIDE,END,END,END,END,END,END,END,END,END,END,END,END,END,END,VIDE,END,END,END,END,END,END,END,END,VIDE,VIDE,END,VIDE,END,END,END,VIDE,END,END
t56,VIDE,END,END,END,END,END,END,END,END,VIDE,END,END,END,END,END,END,END,VIDE,END,VIDE,END,END,END,END,VIDE,END,END,VIDE,END,END,END,END,END,VIDE,END,VIDE,END,END,END,END,END,END,END,END,END,END,END,END,END,END,END,END,END,END,END,END,END,END,END,VIDE,VIDE,END,END,END,END,END,VIDE,END,END,END,END,END,END,END,END,END,END,END,END,END,END,END,END,END,END,VIDE,END,END,END,END,END,END,END,END,END,END,END,END,END,END
t57,END,VIDE,END,END,END,VIDE,END,END,END,VIDE,VIDE,END,END,END,END,VIDE,END,END,END,END,END,END,END,END,END,END,END,END,END,END,END,END,END,END,VIDE,END,END,END,END,END,END,END,VIDE,END,END,END,END,END,END,END,END,VIDE,END,END,END,END,VIDE,VIDE,END,END,END,END,END,END,END,END,END,END,END,END,END,END,END,END,END,END,END,END,END,END,END,END,END,END,END,END,VIDE,END,VIDE,END,END,END,END,END,END,END,END,END,END,VIDE
t58,END,END,END,END,END,END,END,END,VIDE,END,END,END,END,END,END,END,END,VIDE,END,END,VIDE,END,END,END,END,END,END,END,END,END,END,END,END,END,END,END,END,END,END,END,END,VIDE,END,END,END,END,END,END,END,END,END,END,END,END,END,VIDE,END,END,END,END,END,END,END,END,END,END,END,END,VIDE,END,END,END,END,VIDE,END,END,END,END,END,END,END,END,END,END,END,END,END,END,END,VIDE,END,END,END,END,END,END,END,END,END,END
t59,END,VIDE,END,VIDE,END,END,END,END,END,END,END,END,END,END,END,END,END,END,END,END,END,END,END,VIDE,END,END,END,END,END,END,END,END,END,END,END,END,END,END,END,END,END,VIDE,END,VIDE,END,END,VIDE,END,END,END,END,END,END,END,END,END,END,END,END,END,END,END,END,END,END,END,END,END,END,END,END,END,END,END,END,END,END,END,END,END,END,END,END,END,END,END,END,END,END,END,END,END,END,VIDE,END,END,END,END,END,END
t60,END,END,END,END,END,END,END,END,END,END,END,END,END,END,END,END,END,END,END,END,END,END,END,END,END,END,END,END,END,END,VIDE,END,END,END,END,END,END,VIDE,VIDE,END,END,END,VIDE,END,END,END,END,END,END,END,END,END,END,VIDE,END,END,END,END,END,END,END,END,END,END,END,END,END,END,VIDE,END,END,END,END,END,END,END,END,END,END,END,END,END,END,END,END,END,END,END,END,END,END,END,VIDE,END,END,VIDE,END,END,END,END
t61,END,END,END,END,END,END,END,END,END,VIDE,END,END,END,END,END,END,END,END,END,VIDE,END,END,END,END,END,END,END,END,END,END,END,END,END,END,END,END,END,END,END,END,END,END,END,END,END,END,END,END,END,END,END,END,END,END,END,END,END,END,VIDE,END,END,END,END,END,END,END,VIDE,END,END,END,VIDE,END,END,END,END,END,END,END,END,END,END,END,END,END,END,END,END,END,END,END,END,END,END,END,END,VIDE,END,END,END,END
t62,END,END,VIDE,END,END,END,END,END,END,END,END,END,END,END,END,END,END,END,END,END,END,END,VIDE,END,END,END,END,END,VIDE,END,END,END,END,END,END,VIDE,END,END,END,END,END,END,END,END,END,END,END,END,VIDE,VIDE,END,END,END,END,END,END,END,END,END,END,VIDE,END,END,END,END,END,END,END,END,END,END,VIDE,END,END,END,END,END,END,END,END,END,END,END,END,END,END,END,END,VIDE,END,END,END,END,END,END,END,END,END,END,END
t63,END,END,END,VIDE,END,END,END,END,END,VIDE,END,END,END,END,END,END,VIDE,END,END,END,END,END,END,END,END,END,END,END,END,END,END,VIDE,END,END,END,END,END,END,VIDE,END,END,END,END,END,END,END,END,END,END,END,END,END,END,END,VIDE,END,END,END,END,END,VIDE,END,END,VIDE,END,END,END,END,END,END,END,END,END,END,END,END,END,END,END,END,VIDE,VIDE,END,END,END,END,END,END,END,END,VIDE,END,END,END,END,END,END,END,VIDE,END
t64,END,END,END,END,END,END,END,END,VIDE,END,END,END,END,END,END,END,END,END,VIDE,END,END,END,END,END,END,END,END,END,END,END,END,END,END,END,END,END,END,END,END,END,END,END,END,END,END,END,END,END,END,END,END,END,END,END,END,END,END,END,END,END,END,END,END,END,END,END,END,END,END,END,END,END,END,END,VIDE,END,END,END,END,END,END,END,END,END,END,END,END,VIDE,END,END,END,END,END,END,END,END,END,VIDE,END,END
t65,END,END,END,END,END,END,END,END,END,END,END,END,END,END,END,VIDE,VIDE,END,END,END,VIDE,END,END,END,END,END,END,END,END,END,END,VIDE,END,END,END,END,END,END,END,END,END,END,END,END,END,VIDE,END,END,END,END,END,END,END,END,END,END,END,END,END,END,END,END,VIDE,END,END,END,END,END,END,END,END,END,END,END,END,END,END,END,END,END,END,END,END,END,END,END,END,END,END,END,END,END,END,END,END,END,VIDE,END,END,VIDE
t66,END,END,VIDE,END,END,END,END,END,END,END,END,END,END,END,END,END,END,END,END,END,END,END,END,END,END,END,END,END,END,VIDE,END,END,END,END,END,END,END,END,END,END,END,END,END,VIDE,END,END,VIDE,VIDE,END,VIDE,END,END,END,END,END,END,END,VIDE,END,END,END,END,END,END,END,END,END,END,END,END,END,END,END,END,END,END,VIDE,END,END,END,END,END,VIDE,END,END,END,END,END,END,END,END,END,END,END,END,END,END,END,END,END
t67,END,END,END,VIDE,END,END,END,END,VIDE,END,VIDE,END,END,VIDE,END,END,VIDE,END,VIDE,END,END,END,END,END,END,END,END,END,END,END,END,VIDE,END,END,END,END,END,END,END,END,END,END,END,END,END,VIDE,VIDE,END,END,END,END,END,END,END,END,END,END,END,END,END,END,END,END,END,VIDE,END,VIDE,END,END,END,END,END,END,END,END,END,END,END,END,END,END,END,END,END,END,END,END,END,END,END,END,END,END,END,END,END,VIDE,END,END,END
t68,END,END,END,VIDE,END,END,END,END,VIDE,VIDE,VIDE,END,END,END,END,END,END,VIDE,END,END,END,END,VIDE,END,END,END,END,END,END,END,END,END,END,END,END,END,END,END,END,END,END,END,END,END,END,END,END,END,END,VIDE,VIDE,END,VIDE,VIDE,VIDE,END,END,END,END,END,END,END,VIDE,VIDE,VIDE,END,END,END,END,END,END,END,VIDE,END,END,END,VIDE,END,END,END,END,END,END,VIDE,VIDE,END,END,END,END,END,END,END,END,END,END,END,END,END,END,END
t69,VIDE,END,END,END,END,END,END,END,END,END,END,END,END,END,END,END,END,END,END,END,END,VIDE,END,END,END,END,VIDE,VIDE,VIDE,END,END,END,END,END,END,END,END,END,END,END,END,END,END,END,END,END,END,END,END,END,VIDE,VIDE,END,END,END,END,END,END,END,END,END,END,END,END,END,END,END,END,END,END,END,END,END,END,END,END,END,END,END,END,END,END,END,END,END,END,END,VIDE,VIDE,VIDE,END,END,END,END,END,VIDE,END,END,VIDE,END
t70,END,END,END,END,END,END,END,END,END,END,END,END,END,END,END,VIDE,END,END,END,END,END,END,END,VIDE,END,END,END,END,END,END,END,END,END,END,END,END,END,END,VIDE,END,END,VIDE,END,END,END,END,END,END,END,END,END,END,END,END,END,END,VIDE,END,END,END,END,VIDE,END,VIDE,END,END,END,END,END,END,VIDE,VIDE,END,END,END,END,END,END,END,END,END,END,END,END,END,END,END,END,VIDE,VIDE,END,END,END,VIDE,END,END,END,END,VIDE,VIDE
t71,END,END,END,END,END,END,END,END,END,VIDE,END,END,END,END,END,END,END,END,END,END,END,END,END,END,END,END,END,END,END,VIDE,END,END,END,VIDE,END,END,END,VIDE,END,END,END,END,VIDE,END,END,END,END,END,END,END,END,END,END,END,END,END,END,END,VIDE,END,VIDE,END,END,END,END,END,END,VIDE,END,END,VIDE,END,END,END,END,END,END,END,END,END,END,END,END,END,END,VIDE,END,END,END,END,END,END,END,END,END,END,END,END,END,END
t72,END,END,END,END,END,END,END,END,END,END,END,END,END,END,END,END,VIDE,END,END,END,END,END,END,END,END,END,END,END,END,END,END,END,END,END,END,END,END,END,VIDE,END,END,END,END,END,END,END,END,END,VIDE,END,END,END,END,END,END,END,END,END,END,END,END,END,END,END,END,END,END,END,END,END,END,END,END,END,END,END,END,END,END,END,END,END,END,END,END,END,VIDE,END,END,END,VIDE,END,END,END,END,END,END,VIDE,END,VIDE
t73,END,END,END,VIDE,END,END,VIDE,END,END,END,END,END,END,END,END,END,VIDE,END,END,END,END,END,END,END,END,END,END,END,END,END,END,END,VIDE,END,END,END,END,END,END,END,END,END,END,END,END,END,END,END,END,END,END,END,END,END,END,END,END,VIDE,END,END,END,VIDE,END,END,END,END,END,END,END,VIDE,END,END,VIDE,END,END,END,END,END,END,END,END,END,VIDE,END,END,END,END,VIDE,END,END,END,END,END,END,END,END,END,END,END,END
t74,END,END,END,END,END,END,END,VIDE,END,END,END,END,VIDE,VIDE,END,END,END,END,END,END,END,END,END,END,END,END,END,END,END,END,END,END,END,END,END,END,VIDE,END,VIDE,VIDE,VIDE,END,VIDE,END,END,END,VIDE,END,END,END,VIDE,END,END,END,END,END,END,VIDE,END,END,END,END,END,END,END,END,VIDE,END,END,END,END,END,END,END,VIDE,END,END,END,END,VIDE,END,VIDE,END,END,END,END,END,END,END,END,END,END,END,END,END,END,END,END,END,VIDE
t75,END,END,END,END,END,VIDE,VIDE,END,VIDE,END,END,END,END,END,END,END,END,END,END,END,END,END,END,VIDE,END,END,END,END,END,VIDE,END,END,END,END,END,END,END,END,END,END,END,END,END,END,END,END,END,VIDE,END,END,END,END,END,END,END,END,END,END,END,END,END,END,END,END,END,END,END,END,END,END,END,END,END,END,END,END,END,END,END,END,END,END,END,VIDE,END,END,VIDE,VIDE,END,END,END,END,END,END,END,END,END,END,END,END
t76,END,END,END,VIDE,END,END,END,END,END,END,END,END,VIDE,END,END,END,END,VIDE,END,END,END,END,VIDE,END,END,END,END,END,END,VIDE,END,END,END,END,END,END,END,END,END,END,END,END,END,END,END,END,END,END,VIDE,END,END,END,END,END,END,END,END,END,END,VIDE,END,END,END,END,VIDE,VIDE,END,END,END,END,END,END,END,END,VIDE,END,VIDE,END,VIDE,END,END,END,END,VIDE,END,END,VIDE,END,END,END,END,END,END,END,END,VIDE,END,END,END,END
t77,END,VIDE,END,END,END,END,END,END,END,END,END,END,END,END,END,END,END,VIDE,END,END,END,END,VIDE,END,END,END,END,END,END,END,END,END,END,END,END,VIDE,VIDE,VIDE,END,END,END,END,END,END,END,END,END,VIDE,END,VIDE,END,END,END,END,END,VIDE,END,END,END,VIDE,END,END,END,VIDE,END,END,END,END,END,END,VIDE,END,END,END,END,END,END,END,VIDE,VIDE,VIDE,END,END,END,END,END,END,END,END,END,END,END,END,END,END,END,END,END,END,END
t78,VIDE,END,END,END,END,END,END,END,END,END,END,END,END,END,END,VIDE,END,END,END,END,END,VIDE,END,END,END,END,END,END,END,VIDE,END,VIDE,END,END,END,END,END,VIDE,END,END,END,END,END,END,END,END,END,VIDE,END,END,END,VIDE,VIDE,END,END,END,END,END,END,END,END,VIDE,END,END,END,END,END,END,END,END,END,END,END,END,VIDE,END,END,END,END,END,VIDE,END,END,END,END,END,END,END,END,END,END,END,END,VIDE,END,END,END,END,VIDE,END
t79,END,END,END,END,END,END,VIDE,END,END,END,VIDE,END,END,END,END,END,END,END,VIDE,VIDE,VIDE,END,VIDE,END,END,END,END,END,END,END,END,END,END,END,END,END,END,END,END,END,END,END,END,END,END,END,END,END,END,END,END,END,END,END,END,END,END,END,END,END,END,END,END,END,END,VIDE,END,END,END,END,END,END,VIDE,VIDE,END,END,END,END,END,END,END,END,END,END,VIDE,END,END,END,END,END,END,VIDE,END,END,END,END,VIDE,END,END,END
t80,END,VIDE,END,END,END,END,END,END,END,END,END,END,END,END,VIDE,VIDE,END,END,END,END,END,END,VIDE,END,END,END,VIDE,END,END,END,END,END,END,END,END,END,END,END,END,END,END,END,END,END,END,END,VIDE,VIDE,END,VIDE,END,END,END,END,END,END,END,END,END,END,END,END,END,END,END,END,END,END,END,END,END,END,END,END,END,END,END,END,END,END,END,END,END,END,END,END,END,END,END,END,END,VIDE,END,END,END,END,END,END,END,END
t81,END,END,END,END,END,END,END,END,END,VIDE,END,END,END,VIDE,END,END,END,END,END,END,VIDE,END,END,END,VIDE,VIDE,END,END,END,END,END,END,END,END,END,END,END,END,END,END,END,END,END,END,VIDE,END,VIDE,END,END,END,END,END,END,END,END,VIDE,END,END,END,END,END,END,VIDE,END,END,END,END,END,END,END,END,END,END,END,END,END,END,VIDE,END,END,END,VIDE,END,END,END,END,END,END,END,END,END,END,END,END,END,END,END,END,END,VIDE
t82,END,END,VIDE,END,END,END,END,VIDE,VIDE,END,END,END,END,END,END,END,END,END,END,END,END,VIDE,END,END,END,END,END,END,END,END,END,END,VIDE,END,END,END,END,VIDE,END,END,END,END,END,END,END,VIDE,END,END,END,END,END,END,END,VIDE,END,END,END,END,END,END,END,END,END,END,VIDE,END,END,END,END,END,END,END,END,END,END,END,END,END,END,END,END,END,END,END,END,END,END,END,END,END,END,END,VIDE,END,END,END,END,END,END,END
t83,END,END,END,END,END,END,END,VIDE,VIDE,END,END,END,END,END,END,END,END,END,END,END,END,END,END,END,END,END,END,END,END,END,END,END,END,END,END,END,END,END,END,END,END,END,END,END,END,END,END,VIDE,VIDE,END,END,END,END,END,END,VIDE,END,VIDE,END,END,END,END,END,END,VIDE,END,END,VIDE,END,VIDE,END,END,VIDE,END,END,END,END,VIDE,END,END,END,END,END,END,END,END,END,VIDE,END,END,END,END,END,END,END,END,END,END,END,VIDE
t84,END,VIDE,END,END,END,END,END,END,VIDE,END,END,VIDE,END,END,END,END,END,END,END,END,END,END,END,END,END,END,END,END,END,END,END,END,END,END,END,END,END,END,END,END,END,END,END,END,END,END,END,END,END,END,END,END,END,VIDE,END,END,VIDE,END,END,END,VIDE,END,END,END,END,END,END,END,END,END,END,END,END,END,VIDE,END,END,END,VIDE,END,END,END,END,END,END,END,END,END,END,END,END,END,END,END,END,VIDE,END,END,END,END
t85,END,END,END,END,END,END,VIDE,END,END,VIDE,END,END,END,END,VIDE,END,END,END,END,END,END,END,VIDE,END,VIDE,END,END,END,END,END,VIDE,VIDE,END,END,END,END,END,END,END,END,END,END,END,END,END,END,END,END,END,END,END,END,END,END,END,END,END,END,END,END,END,END,END,END,VIDE,END,VIDE,END,END,END,END,END,END,END,END,END,END,END,END,END,END,END,END,END,END,END,VIDE,VIDE,END,END,END,END,END,END,END,END,END,END,END,VIDE
t86,END,END,END,END,END,END,END,END,END,END,END,END,END,END,END,END,END,END,END,END,END,END,END,END,END,END,END,END,END,END,END,VIDE,VIDE,END,VIDE,END,END,END,END,END,END,END,END,END,END,END,VIDE,END,END,END,END,END,END,END,END,END,END,END,END,VIDE,END,END,END,END,END,VIDE,VIDE,END,END,END,VIDE,END,VIDE,END,VIDE,END,END,END,END,END,END,END,END,END,END,END,END,END,END,END,END,VIDE,END,END,END,END,END,END,END,END
t87,END,END,END,END,END,END,END,END,VIDE,VIDE,END,END,END,END,END,END,END,END,END,VIDE,END,END,END,VIDE,END,VIDE,END,END,VIDE,END,END,END,END,END,END,END,END,END,END,END,END,END,END,END,END,END,END,END,END,END,END,END,END,END,END,VIDE,END,END,END,VIDE,END,END,END,END,END,END,END,END,END,END,END,END,END,END,END,END,END,END,END,END,END,END,END,END,END,END,END,END,END,END,END,VIDE,END,END,END,END,END,END,END,VIDE
t88,END,END,END,END,END,END,VIDE,END,END,END,END,END,END,END,END,END,END,VIDE,END,END,VIDE,END,END,END,END,END,END,VIDE,END,END,END,END,END,END,END,END,END,END,END,END,END,END,END,END,END,END,END,END,END,END,END,END,END,END,END,END,END,END,END,END,END,VIDE,END,VIDE,END,END,END,END,VIDE,END,VIDE,END,END,END,END,END,END,END,END,END,END,END,END,END,END,VIDE,END,VIDE,END,END,END,END,END,END,END,END,END,VIDE,END,END
t89,END,END,END,VIDE,END,END,VIDE,END,END,END,END,END,END,END,END,END,END,END,END,VIDE,END,END,END,VIDE,END,END,VIDE,END,END,END,END,VIDE,END,VIDE,END,END,END,END,END,END,END,END,END,END,VIDE,END,END,END,END,END,VIDE,END,END,END,END,END,END,VIDE,END,END,END,VIDE,END,END,END,END,END,END,END,END,END,VIDE,END,END,END,END,END,END,END,END,END,END,END,END,END,END,END,END,END,END,END,END,END,END,END,END,VIDE,VIDE,END,END
t90,END,END,END,END,END,END,VIDE,END,END,END,END,END,END,END,END,END,END,END,VIDE,END,END,END,END,END,END,END,END,END,END,END,END,VIDE,END,END,END,VIDE,VIDE,END,END,END,END,END,END,VIDE,END,END,END,END,END,END,END,VIDE,END,END,END,VIDE,END,END,END,VIDE,END,END,END,VIDE,END,END,VIDE,END,END,END,END,END,END,END,END,END,END,VIDE,END,END,END,END,END,END,END,VIDE,END,END,END,END,VIDE,END,END,END,END,END,VIDE,END,END,END
t91,END,END,END,END,END,END,END,VIDE,END,END,END,END,END,END,END,VIDE,END,END,END,END,END,END,END,END,END,END,VIDE,END,END,END,END,END,END,END,END,END,END,VIDE,END,END,END,END,END,END,END,END,VIDE,END,END,END,END,END,END,END,END,END,END,END,END,VIDE,END,END,END,END,END,END,VIDE,END,END,END,END,VIDE,END,END,VIDE,END,END,END,END,END,END,END,END,END,END,END,END,END,VIDE,END,END,END,END,END,VIDE,END,END,END,END,END
t92,END,END,END,END,END,END,END,END,END,END,END,END,END,END,VIDE,END,END,END,END,END,END,END,END,END,END,END,END,VIDE,END,END,END,END,END,END,END,END,END,END,END,END,END,END,END,END,END,END,END,VIDE,VIDE,END,END,END,END,END,END,END,END,END,VIDE,END,END,END,VIDE,END,END,VIDE,END,END,VIDE,VIDE,END,END,END,END,END,END,VIDE,END,END,VIDE,END,VIDE,END,END,END,END,END,VIDE,END,END,END,END,END,END,END,END,END,END,END,END
t93,END,END,END,END,END,VIDE,END,VIDE,END,END,END,VIDE,END,END,END,END,END,END,END,VIDE,END,END,END,END,END,END,END,END,END,END,END,END,END,END,END,END,END,END,END,END,END,END,END,END,END,END,END,VIDE,END,END,END,END,END,END,END,END,END,END,END,END,VIDE,END,END,END,END,END,VIDE,END,VIDE,END,END,END,VIDE,VIDE,END,VIDE,END,END,END,END,END,END,END,END,END,END,END,END,END,END,END,END,END,END,END,END,END,END,END,END
t94,END,END,END,VIDE,END,END,END,END,END,END,END,END,END,END,END,END,END,VIDE,END,END,END,END,VIDE,END,END,VIDE,END,END,END,END,END,END,END,END,END,END,END,END,END,END,END,END,END,END,END,END,END,END,END,END,END,END,END,END,END,END,END,END,VIDE,END,END,END,END,END,END,VIDE,END,VIDE,END,END,END,END,END,END,END,VIDE,END,END,END,END,END,END,END,END,END,END,END,END,END,VIDE,VIDE,END,END,END,END,END,END,VIDE,END,END
t95,END,END,END,END,END,END,END,END,END,END,END,END,END,END,END,END,END,END,END,END,END,END,END,END,END,END,END,END,END,END,END,END,VIDE,END,END,END,END,END,END,END,END,END,END,END,END,END,END,END,END,END,END,END,END,END,END,END,END,END,END,VIDE,END,END,END,END,END,END,END,END,END,END,END,END,END,END,END,END,END,END,END,END,END,END,END,END,END,END,END,END,END,END,END,END,END,END,END,END,END,END,END,END
t96,END,END,END,END,END,END,END,END,END,END,VIDE,END,END,END,END,END,END,END,END,VIDE,END,END,END,END,END,END,END,VIDE,END,END,END,END,END,END,END,END,END,END,END,END,END,END,END,END,END,VIDE,END,END,END,END,END,END,VIDE,END,END,END,VIDE,END,END,END,END,END,VIDE,END,END,END,END,END,END,END,END,VIDE,END,END,END,END,END,END,END,END,END,END,END,VIDE,END,END,END,END,END,END,END,END,END,END,END,END,END,END,END,END
t97,END,END,END,END,END,END,END,END,VIDE,END,END,END,END,VIDE,END,END,END,END,END,END,END,END,END,END,END,END,END,END,END,END,END,END,END,END,END,END,END,END,VIDE,END,END,END,END,END,END,END,END,END,END,END,VIDE,END,END,END,END,END,END,END,END,END,END,END,END,END,END,END,END,END,END,END,END,END,END,END,END,END,END,END,END,END,END,END,VIDE,END,END,END,END,END,END,END,END,END,END,VIDE,END,END,END,VIDE,VIDE,END
t98,VIDE,END,VIDE,END,VIDE,END,END,END,END,END,END,VIDE,END,END,VIDE,END,END,VIDE,END,END,END,END,VIDE,END,END,END,END,END,END,END,END,END,END,END,END,END,END,END,END,END,VIDE,END,VIDE,END,END,END,END,END,END,END,END,END,END,END,END,END,VIDE,END,END,END,END,END,END,END,END,END,END,END,END,END,END,END,END,END,END,END,END,END,END,END,END,END,END,END,END,END,END,END,END,END,END,END,END,END,END,END,END,END,END,END
t99,END,END,END,END,END,END,END,END,END,VIDE,END,END,END,END,END,VIDE,VIDE,END,END,END,END,END,END,END,END,END,END,END,END,END,END,END,VIDE,END,END,END,END,END,END,END,END,END,END,END,END,VIDE,END,VIDE,END,END,END,END,END,END,VIDE,END,END,END,VIDE,END,END,VIDE,END,VIDE,END,END,END,END,END,END,END,END,END,END,END,END,END,END,END,END,END,END,END,END,END,END,END,END,END,END,END,END,VIDE,END,VIDE,END,END,END,END,VIDE
t100,VIDE,END,END,END,END,END,END,VIDE,VIDE,END,END,END,END,END,VIDE,END,END,END,END,END,END,END,END,VIDE,END,VIDE,END,END,END,END,VIDE,END,END,END,VIDE,END,END,END,END,END,VIDE,END,END,END,END,END,END,END,END,END,END,END,END,END,END,END,VIDE,END,END,END,END,VIDE,END,END,END,END,END,END,END,END,END,END,END,END,END,END,END,END,END,END,END,END,END,END,END,END,END,VIDE,VIDE,END,VIDE,VIDE,END,END,END,END,END,END,VIDE,END
